Período,Categoría Ocupacional,Valor
40909,Empleo asalariado en el sector privado,100
40909,Empleo asalariado en el sector público,100
40909,Empleo en casas particulares,100
40909,Trabajo Independientes Autónomos,100
40909,Trabajo Independientes Monotributo,100
40909,"Trabajo Independientes Monotributo
Social",100
40909,Total,100
40940,Empleo asalariado en el sector privado,99.95789355076921
40940,Empleo asalariado en el sector público,102.14005724693432
40940,Empleo en casas particulares,99.90082704081765
40940,Trabajo Independientes Autónomos,99.75386341737105
40940,Trabajo Independientes Monotributo,99.98638484047063
40940,"Trabajo Independientes Monotributo
Social",100.68609100988306
40940,Total,100.4706028936914
40969,Empleo asalariado en el sector privado,100.10512691466835
40969,Empleo asalariado en el sector público,102.29349412690168
40969,Empleo en casas particulares,99.32582941737172
40969,Trabajo Independientes Autónomos,99.16645321819311
40969,Trabajo Independientes Monotributo,99.99353470078215
40969,"Trabajo Independientes Monotributo
Social",101.3620486164924
40969,Total,100.5572806227843
41000,Empleo asalariado en el sector privado,99.16628902973866
41000,Empleo asalariado en el sector público,102.42452285376085
41000,Empleo en casas particulares,100.19629052024696
41000,Trabajo Independientes Autónomos,99.44722943881347
41000,Trabajo Independientes Monotributo,100.23465233043612
41000,"Trabajo Independientes Monotributo
Social",102.83139209117678
41000,Total,100.15643157440515
41030,Empleo asalariado en el sector privado,98.96271720401386
41030,Empleo asalariado en el sector público,101.86974415786032
41030,Empleo en casas particulares,100.76871889604568
41030,Trabajo Independientes Autónomos,99.43722785319623
41030,Trabajo Independientes Monotributo,100.54232451086207
41030,"Trabajo Independientes Monotributo
Social",103.07817026501829
41030,Total,99.974422065378
41061,Empleo asalariado en el sector privado,98.81063611200413
41061,Empleo asalariado en el sector público,104.12109523189883
41061,Empleo en casas particulares,101.48579591438241
41061,Trabajo Independientes Autónomos,99.40917462524546
41061,Trabajo Independientes Monotributo,101.35733252403001
41061,"Trabajo Independientes Monotributo
Social",104.05395739201964
41061,Total,100.55084039890238
41091,Empleo asalariado en el sector privado,98.70493598624162
41091,Empleo asalariado en el sector público,103.24965395128467
41091,Empleo en casas particulares,102.29279660037152
41091,Trabajo Independientes Autónomos,99.58920316635563
41091,Trabajo Independientes Monotributo,102.08167422346051
41091,"Trabajo Independientes Monotributo
Social",106.18256816203908
41091,Total,100.44428396740115
41122,Empleo asalariado en el sector privado,98.74938441222852
41122,Empleo asalariado en el sector público,103.56391847049022
41122,Empleo en casas particulares,102.98469499176556
41122,Trabajo Independientes Autónomos,99.79362581872736
41122,Trabajo Independientes Monotributo,102.45027234122175
41122,"Trabajo Independientes Monotributo
Social",107.2006771497717
41122,Total,100.6344992730506
41153,Empleo asalariado en el sector privado,98.63816508250227
41153,Empleo asalariado en el sector público,103.53726456205624
41153,Empleo en casas particulares,103.23031506683897
41153,Trabajo Independientes Autónomos,99.88022491370585
41153,Trabajo Independientes Monotributo,102.86504030163282
41153,"Trabajo Independientes Monotributo
Social",108.7039973295502
41153,Total,100.65112127133679
41183,Empleo asalariado en el sector privado,99.30399071201496
41183,Empleo asalariado en el sector público,104.11130640711997
41183,Empleo en casas particulares,103.34156348996324
41183,Trabajo Independientes Autónomos,99.85412321465597
41183,Trabajo Independientes Monotributo,103.45916326858146
41183,"Trabajo Independientes Monotributo
Social",109.23451079505489
41183,Total,101.23919421455663
41214,Empleo asalariado en el sector privado,99.69180896086164
41214,Empleo asalariado en el sector público,105.0679379820947
41214,Empleo en casas particulares,102.96619640870563
41214,Trabajo Independientes Autónomos,99.80582287435813
41214,Trabajo Independientes Monotributo,103.8613048799318
41214,"Trabajo Independientes Monotributo
Social",110.14055626423146
41214,Total,101.72552259809609
41244,Empleo asalariado en el sector privado,100.11012203991743
41244,Empleo asalariado en el sector público,105.8164096084588
41244,Empleo en casas particulares,102.54920751556323
41244,Trabajo Independientes Autónomos,99.59896081086026
41244,Trabajo Independientes Monotributo,103.80334537400233
41244,"Trabajo Independientes Monotributo
Social",111.43942013089973
41244,Total,102.12370956529678
41275,Empleo asalariado en el sector privado,100.38598397334535
41275,Empleo asalariado en el sector público,106.43349869501992
41275,Empleo en casas particulares,104.73229724139878
41275,Trabajo Independientes Autónomos,100.59692390256991
41275,Trabajo Independientes Monotributo,104.21210440925802
41275,"Trabajo Independientes Monotributo
Social",111.6844100571047
41275,Total,102.58947314303141
41306,Empleo asalariado en el sector privado,100.50383617430398
41306,Empleo asalariado en el sector público,106.3702054906265
41306,Empleo en casas particulares,105.05756399353577
41306,Trabajo Independientes Autónomos,102.78239233049142
41306,Trabajo Independientes Monotributo,104.22427438425632
41306,"Trabajo Independientes Monotributo
Social",112.52488644627508
41306,Total,102.74847531816216
41334,Empleo asalariado en el sector privado,100.55116703322152
41334,Empleo asalariado en el sector público,106.18991813947855
41334,Empleo en casas particulares,104.16783353330644
41334,Trabajo Independientes Autónomos,102.7597058070182
41334,Trabajo Independientes Monotributo,104.72042905246856
41334,"Trabajo Independientes Monotributo
Social",113.47742635400151
41334,Total,102.77472106009013
41365,Empleo asalariado en el sector privado,100.25640551114626
41365,Empleo asalariado en el sector público,107.11050010673358
41365,Empleo en casas particulares,104.99795744812049
41365,Trabajo Independientes Autónomos,103.17879663849148
41365,Trabajo Independientes Monotributo,105.27195710692313
41365,"Trabajo Independientes Monotributo
Social",114.51341781809946
41365,Total,102.95179977270767
41395,Empleo asalariado en el sector privado,99.66319753853328
41395,Empleo asalariado en el sector público,110.27063938323327
41395,Empleo en casas particulares,107.1186144561288
41395,Trabajo Independientes Autónomos,103.2727139668484
41395,Trabajo Independientes Monotributo,106.02117119275643
41395,"Trabajo Independientes Monotributo
Social",115.48682061491876
41395,Total,103.53989101201807
41426,Empleo asalariado en el sector privado,99.3359103812296
41426,Empleo asalariado en el sector público,110.67276745015266
41426,Empleo en casas particulares,111.52127722439037
41426,Trabajo Independientes Autónomos,103.28198372912777
41426,Trabajo Independientes Monotributo,106.67599191000912
41426,"Trabajo Independientes Monotributo
Social",117.11174163398148
41426,Total,103.71145345332762
41456,Empleo asalariado en el sector privado,99.54188969354988
41456,Empleo asalariado en el sector público,110.43539827740273
41456,Empleo en casas particulares,113.56793990015905
41456,Trabajo Independientes Autónomos,103.79694341785893
41456,Trabajo Independientes Monotributo,107.39394437256553
41456,"Trabajo Independientes Monotributo
Social",121.45241473039188
41456,Total,104.01642183905535
41487,Empleo asalariado en el sector privado,99.78728955168832
41487,Empleo asalariado en el sector público,110.5060822410669
41487,Empleo en casas particulares,114.10722498130872
41487,Trabajo Independientes Autónomos,104.57316403820118
41487,Trabajo Independientes Monotributo,108.32555595868595
41487,"Trabajo Independientes Monotributo
Social",144.4504715012935
41487,Total,104.68325030414967
41518,Empleo asalariado en el sector privado,99.67060015037784
41518,Empleo asalariado en el sector público,110.92196970024575
41518,Empleo en casas particulares,114.68530570193131
41518,Trabajo Independientes Autónomos,105.08934343249538
41518,Trabajo Independientes Monotributo,109.35893896072977
41518,"Trabajo Independientes Monotributo
Social",163.39993562308507
41518,Total,105.1698897212289
41548,Empleo asalariado en el sector privado,100.173928623427
41548,Empleo asalariado en el sector público,111.89298966826891
41548,Empleo en casas particulares,115.22459078308098
41548,Trabajo Independientes Autónomos,104.82832644199691
41548,Trabajo Independientes Monotributo,110.6646251533607
41548,"Trabajo Independientes Monotributo
Social",169.89604320406292
41548,Total,105.94313739714511
41579,Empleo asalariado en el sector privado,100.58393833034745
41579,Empleo asalariado en el sector público,112.31685757495822
41579,Empleo en casas particulares,115.39750114973832
41579,Trabajo Independientes Autónomos,104.1287033310159
41579,Trabajo Independientes Monotributo,111.13263675438938
41579,"Trabajo Independientes Monotributo
Social",172.78108272433565
41579,Total,106.35127743761792
41609,Empleo asalariado en el sector privado,100.68737836665301
41609,Empleo asalariado en el sector público,113.54938462100932
41609,Empleo en casas particulares,115.39030725632612
41609,Trabajo Independientes Autónomos,103.18172393184287
41609,Trabajo Independientes Monotributo,111.13735261970122
41609,"Trabajo Independientes Monotributo
Social",174.69331553033464
41609,Total,106.69001125849933
41640,Empleo asalariado en el sector privado,100.78274431526086
41640,Empleo asalariado en el sector público,111.99999842749804
41640,Empleo en casas particulares,116.73428070058245
41640,Trabajo Independientes Autónomos,103.62496493346507
41640,Trabajo Independientes Monotributo,111.25631412530967
41640,"Trabajo Independientes Monotributo
Social",175.35735148603376
41640,Total,106.47171145381928
41671,Empleo asalariado en el sector privado,100.68788606790781
41671,Empleo asalariado en el sector público,111.91064100291031
41671,Empleo en casas particulares,116.9524098258307
41671,Trabajo Independientes Autónomos,102.90021588788467
41671,Trabajo Independientes Monotributo,111.33541896279866
41671,"Trabajo Independientes Monotributo
Social",177.12771664620118
41671,Total,106.41520397808242
41699,Empleo asalariado en el sector privado,100.34556440247738
41699,Empleo asalariado en el sector público,109.54398622173771
41699,Empleo en casas particulares,115.94012625282939
41699,Trabajo Independientes Autónomos,103.05633819995852
41699,Trabajo Independientes Monotributo,111.26779953921431
41699,"Trabajo Independientes Monotributo
Social",179.12578533875373
41699,Total,105.66561314727795
41730,Empleo asalariado en el sector privado,99.84420122460817
41730,Empleo asalariado en el sector público,112.14329266974275
41730,Empleo en casas particulares,116.31035483879255
41730,Trabajo Independientes Autónomos,103.04560479100347
41730,Trabajo Independientes Monotributo,111.58094820838953
41730,"Trabajo Independientes Monotributo
Social",181.27764332804807
41730,Total,106.07389040843003
41760,Empleo asalariado en el sector privado,99.52241689380838
41760,Empleo asalariado en el sector público,113.16463270088614
41760,Empleo en casas particulares,117.03950732107118
41760,Trabajo Independientes Autónomos,102.55381950797077
41760,Trabajo Independientes Monotributo,112.04949224582437
41760,"Trabajo Independientes Monotributo
Social",182.7946734063733
41760,Total,106.21896925863422
41791,Empleo asalariado en el sector privado,99.49655688473199
41791,Empleo asalariado en el sector público,114.38866823628572
41791,Empleo en casas particulares,118.2038903547874
41791,Trabajo Independientes Autónomos,101.56195494407652
41791,Trabajo Independientes Monotributo,112.55317708606682
41791,"Trabajo Independientes Monotributo
Social",184.81956581347384
41791,Total,106.58527528801021
41821,Empleo asalariado en el sector privado,99.58306262757016
41821,Empleo asalariado en el sector público,114.05093412514049
41821,Empleo en casas particulares,118.93432746088963
41821,Trabajo Independientes Autónomos,101.300937953578
41821,Trabajo Independientes Monotributo,112.58223290137528
41821,"Trabajo Independientes Monotributo
Social",187.04474195586607
41821,Total,106.60886809680501
41852,Empleo asalariado en el sector privado,99.52369433567536
41852,Empleo asalariado en el sector público,114.23672523319222
41852,Empleo en casas particulares,119.0409512382489
41852,Trabajo Independientes Autónomos,101.04553160866968
41852,Trabajo Independientes Monotributo,112.63684566418017
41852,"Trabajo Independientes Monotributo
Social",188.36089221635413
41852,Total,106.63992571055383
41883,Empleo asalariado en el sector privado,99.85396219066868
41883,Empleo asalariado en el sector público,115.12039271664261
41883,Empleo en casas particulares,118.94511830100791
41883,Trabajo Independientes Autónomos,100.60765731152499
41883,Trabajo Independientes Monotributo,112.91903695945345
41883,"Trabajo Independientes Monotributo
Social",191.73054684612725
41883,Total,107.0958551396051
41913,Empleo asalariado en el sector privado,100.37586270316852
41913,Empleo asalariado en el sector público,115.60515576221727
41913,Empleo en casas particulares,118.86572854870909
41913,Trabajo Independientes Autónomos,99.92145096173783
41913,Trabajo Independientes Monotributo,112.91561415398516
41913,"Trabajo Independientes Monotributo
Social",196.17434222291104
41913,Total,107.5394072633833
41944,Empleo asalariado en el sector privado,100.64351952922009
41944,Empleo asalariado en el sector público,116.51079896073344
41944,Empleo en casas particulares,118.07645567148572
41944,Trabajo Independientes Autónomos,99.42307926866454
41944,Trabajo Independientes Monotributo,112.11635104597133
41944,"Trabajo Independientes Monotributo
Social",198.93062791335345
41944,Total,107.79903793666938
41974,Empleo asalariado en el sector privado,101.03297552405004
41974,Empleo asalariado en el sector público,117.0610174009137
41974,Empleo en casas particulares,114.40474385885582
41974,Trabajo Independientes Autónomos,98.86323441521216
41974,Trabajo Independientes Monotributo,110.51645570775631
41974,"Trabajo Independientes Monotributo
Social",201.45861398886518
41974,Total,107.83926189179563
42005,Empleo asalariado en el sector privado,101.49406652818978
42005,Empleo asalariado en el sector público,115.90857001781252
42005,Empleo en casas particulares,113.04201490677485
42005,Trabajo Independientes Autónomos,99.58944710746826
42005,Trabajo Independientes Monotributo,109.50338135149093
42005,"Trabajo Independientes Monotributo
Social",203.8316186025441
42005,Total,107.72192906294653
42036,Empleo asalariado en el sector privado,101.7954936764171
42036,Empleo asalariado en el sector público,115.81807252929472
42036,Empleo en casas particulares,112.89351239276604
42036,Trabajo Independientes Autónomos,100.7771963847927
42036,Trabajo Independientes Monotributo,108.7416169789406
42036,"Trabajo Independientes Monotributo
Social",206.56346490862055
42036,Total,107.85880211652834
42064,Empleo asalariado en el sector privado,102.0112994646372
42064,Empleo asalariado en el sector público,115.72580597605786
42064,Empleo en casas particulares,112.85060595705761
42064,Trabajo Independientes Autónomos,99.88217644260675
42064,Trabajo Independientes Monotributo,108.99209027687453
42064,"Trabajo Independientes Monotributo
Social",207.56428750253332
42064,Total,107.96826762643082
42095,Empleo asalariado en el sector privado,101.93863267535797
42095,Empleo asalariado en el sector público,116.59201868761345
42095,Empleo en casas particulares,113.20850215431415
42095,Trabajo Independientes Autónomos,100.07586568602338
42095,Trabajo Independientes Monotributo,109.0261662068698
42095,"Trabajo Independientes Monotributo
Social",208.28793171278357
42095,Total,108.16445660565255
42125,Empleo asalariado en el sector privado,101.50184582161049
42125,Empleo asalariado en el sector público,117.84093906672794
42125,Empleo en casas particulares,113.29123192855437
42125,Trabajo Independientes Autónomos,100.19808018344372
42125,Trabajo Independientes Monotributo,109.47926958852554
42125,"Trabajo Independientes Monotributo
Social",209.3710136979769
42125,Total,108.28974823390125
42156,Empleo asalariado en el sector privado,101.80307644031978
42156,Empleo asalariado en el sector público,119.22831824452169
42156,Empleo en casas particulares,113.54969824186382
42156,Trabajo Independientes Autónomos,100.17612548330833
42156,Trabajo Independientes Monotributo,110.43666630917366
42156,"Trabajo Independientes Monotributo
Social",211.20217927778637
42156,Total,108.93248074771
42186,Empleo asalariado en el sector privado,101.92359816723122
42186,Empleo asalariado en el sector público,120.17115111468767
42186,Empleo en casas particulares,114.07844940765995
42186,Trabajo Independientes Autónomos,100.26687157720127
42186,Trabajo Independientes Monotributo,110.63108165977162
42186,"Trabajo Independientes Monotributo
Social",211.57353870363966
42186,Total,109.27051016910437
42217,Empleo asalariado en el sector privado,102.10429068156928
42217,Empleo asalariado en el sector público,120.54780464965245
42217,Empleo en casas particulares,114.45124724127034
42217,Trabajo Independientes Autónomos,100.1200190274068
42217,Trabajo Independientes Monotributo,110.70775250226094
42217,"Trabajo Independientes Monotributo
Social",211.7207710923809
42217,Total,109.47833546193102
42248,Empleo asalariado en el sector privado,102.15537197878857
42248,Empleo asalariado en el sector público,120.83022600391476
42248,Empleo en casas particulares,114.53500471456944
42248,Trabajo Independientes Autónomos,100.44909558832498
42248,Trabajo Independientes Monotributo,110.88474957614261
42248,"Trabajo Independientes Monotributo
Social",212.05934597823108
42248,Total,109.61439433948232
42278,Empleo asalariado en el sector privado,102.5692958986091
42278,Empleo asalariado en el sector público,121.7389355812773
42278,Empleo en casas particulares,114.47899511586024
42278,Trabajo Independientes Autónomos,100.1992998890068
42278,Trabajo Independientes Monotributo,110.68995391382592
42278,"Trabajo Independientes Monotributo
Social",211.68679438728674
42278,Total,110.01655155833751
42309,Empleo asalariado en el sector privado,102.63361018337349
42309,Empleo asalariado en el sector público,122.39718490696883
42309,Empleo en casas particulares,114.2613798401414
42309,Trabajo Independientes Autónomos,99.81850781221414
42309,Trabajo Independientes Monotributo,110.53828560040952
42309,"Trabajo Independientes Monotributo
Social",211.3965021876229
42309,Total,110.16092600905458
42339,Empleo asalariado en el sector privado,102.30222866111154
42339,Empleo asalariado en el sector público,122.8398835247789
42339,Empleo en casas particulares,113.74316258969885
42339,Trabajo Independientes Autónomos,98.98300950150633
42339,Trabajo Independientes Monotributo,110.00957624907679
42339,"Trabajo Independientes Monotributo
Social",210.38554619043643
42339,Total,109.94995378864922
42370,Empleo asalariado en el sector privado,102.14909941167252
42370,Empleo asalariado en el sector público,120.8189039897127
42370,Empleo en casas particulares,114.21950110349188
42370,Trabajo Independientes Autónomos,99.73581177503749
42370,Trabajo Independientes Monotributo,109.82101769894676
42370,"Trabajo Independientes Monotributo
Social",211.62718613273563
42370,Total,109.43570557089433
42401,Empleo asalariado en el sector privado,102.31868800824375
42401,Empleo asalariado en el sector público,120.54120014136791
42401,Empleo en casas particulares,114.20588409096166
42401,Trabajo Independientes Autónomos,99.67653408467196
42401,Trabajo Independientes Monotributo,109.54422683007901
42401,"Trabajo Independientes Monotributo
Social",212.03013793350104
42401,Total,109.4359983083435
42430,Empleo asalariado en el sector privado,102.21626337444785
42430,Empleo asalariado en el sector público,120.6028422186902
42430,Empleo en casas particulares,114.52781082115723
42430,Trabajo Independientes Autónomos,99.28086160000976
42430,Trabajo Independientes Monotributo,109.65444116615741
42430,"Trabajo Independientes Monotributo
Social",212.78179802339028
42430,Total,109.41454614214581
42461,Empleo asalariado en el sector privado,101.3526144076117
42461,Empleo asalariado en el sector público,121.06743792646743
42461,Empleo en casas particulares,115.66007825928332
42461,Trabajo Independientes Autónomos,99.40210033297961
42461,Trabajo Independientes Monotributo,110.14101197905852
42461,"Trabajo Independientes Monotributo
Social",213.20144013542995
42461,Total,109.15006700485772
42491,Empleo asalariado en el sector privado,100.76422140818968
42491,Empleo asalariado en el sector público,121.74361377464552
42491,Empleo en casas particulares,116.17161546584313
42491,Trabajo Independientes Autónomos,101.3860734018808
42491,Trabajo Independientes Monotributo,110.72288890866508
42491,"Trabajo Independientes Monotributo
Social",213.14660054124298
42491,Total,109.14050729753295
42522,Empleo asalariado en el sector privado,100.49985645156457
42522,Empleo asalariado en el sector público,122.89987447503003
42522,Empleo en casas particulares,116.68572192005016
42522,Trabajo Independientes Autónomos,101.93201361191409
42522,Trabajo Independientes Monotributo,111.99328217380094
42522,"Trabajo Independientes Monotributo
Social",213.8279228907619
42522,Total,109.46392729060422
42552,Empleo asalariado en el sector privado,100.48136629941304
42552,Empleo asalariado en el sector público,122.43366695273097
42552,Empleo en casas particulares,117.18621136172696
42552,Trabajo Independientes Autónomos,101.76369424420946
42552,Trabajo Independientes Monotributo,112.17370205315085
42552,"Trabajo Independientes Monotributo
Social",215.01472323887413
42552,Total,109.39653364097602
42583,Empleo asalariado en el sector privado,100.66051933252677
42583,Empleo asalariado en el sector público,122.53234145150583
42583,Empleo en casas particulares,117.51558891009945
42583,Trabajo Independientes Autónomos,101.68612097039772
42583,Trabajo Independientes Monotributo,112.4340634557709
42583,"Trabajo Independientes Monotributo
Social",216.5442710506551
42583,Total,109.5831720609183
42614,Empleo asalariado en el sector privado,100.74170240091922
42614,Empleo asalariado en el sector público,122.72532675608174
42614,Empleo en casas particulares,117.61296339592877
42614,Trabajo Independientes Autónomos,101.74344713186237
42614,Trabajo Independientes Monotributo,112.95037464507409
42614,"Trabajo Independientes Monotributo
Social",219.08298661198603
42614,Total,109.78010203180833
42644,Empleo asalariado en el sector privado,101.13731632064642
42644,Empleo asalariado en el sector público,122.89841991070547
42644,Empleo en casas particulares,117.51790123298194
42644,Trabajo Independientes Autónomos,101.59781428763097
42644,Trabajo Independientes Monotributo,113.3144850845547
42644,"Trabajo Independientes Monotributo
Social",224.165186395012
42644,Total,110.15430282426688
42675,Empleo asalariado en el sector privado,101.54123361250898
42675,Empleo asalariado en el sector público,123.32126569111264
42675,Empleo en casas particulares,117.44698999791892
42675,Trabajo Independientes Autónomos,101.2340980887214
42675,Trabajo Independientes Monotributo,113.40218496688625
42675,"Trabajo Independientes Monotributo
Social",227.97474994337216
42675,Total,110.53116569790396
42705,Empleo asalariado en el sector privado,101.6469992481108
42705,Empleo asalariado en el sector público,124.10751667736623
42705,Empleo en casas particulares,117.30028595726314
42705,Trabajo Independientes Autónomos,100.41226048032006
42705,Trabajo Independientes Monotributo,113.38689643579463
42705,"Trabajo Independientes Monotributo
Social",227.6898224866179
42705,Total,110.73094985892342
42736,Empleo asalariado en el sector privado,101.94030317626093
42736,Empleo asalariado en el sector público,122.43453182881585
42736,Empleo en casas particulares,118.13015294731244
42736,Trabajo Independientes Autónomos,100.05878980814032
42736,Trabajo Independientes Monotributo,114.69813517951854
42736,"Trabajo Independientes Monotributo
Social",226.85828733563022
42736,Total,110.66671228491917
42767,Empleo asalariado en el sector privado,101.97572762187983
42767,Empleo asalariado en el sector público,121.82495143917347
42767,Empleo en casas particulares,118.36626680609118
42767,Trabajo Independientes Autónomos,99.17206386378328
42767,Trabajo Independientes Monotributo,115.81670800655048
42767,"Trabajo Independientes Monotributo
Social",226.78318093489588
42767,Total,110.65318232593992
42795,Empleo asalariado en el sector privado,102.33373889383033
42795,Empleo asalariado en el sector público,121.51583686392786
42795,Empleo en casas particulares,118.20594575290517
42795,Trabajo Independientes Autónomos,97.68353519460403
42795,Trabajo Independientes Monotributo,115.56684320736647
42795,"Trabajo Independientes Monotributo
Social",231.09941464694032
42795,Total,110.7558874303754
42826,Empleo asalariado en el sector privado,101.38152062421706
42826,Empleo asalariado en el sector público,122.22259787547121
42826,Empleo en casas particulares,118.90555188724086
42826,Trabajo Independientes Autónomos,96.78558795906667
42826,Trabajo Independientes Monotributo,115.61514279564102
42826,"Trabajo Independientes Monotributo
Social",231.52680583207163
42826,Total,110.39206966931738
42856,Empleo asalariado en el sector privado,101.35747851318213
42856,Empleo asalariado en el sector público,123.22019312682974
42856,Empleo en casas particulares,119.54272530374932
42856,Trabajo Independientes Autónomos,97.00318343151963
42856,Trabajo Independientes Monotributo,116.62867352596882
42856,"Trabajo Independientes Monotributo
Social",231.16856022221955
42856,Total,110.75802807297251
42887,Empleo asalariado en el sector privado,101.42839291425925
42887,Empleo asalariado en el sector público,124.14392009802977
42887,Empleo en casas particulares,119.62673970181312
42887,Trabajo Independientes Autónomos,97.15369509800334
42887,Trabajo Independientes Monotributo,117.14407196714716
42887,"Trabajo Independientes Monotributo
Social",234.7122709552819
42887,Total,111.13759876801446
42917,Empleo asalariado en el sector privado,101.57323516902275
42917,Empleo asalariado en el sector público,123.80091810527665
42917,Empleo en casas particulares,120.386980080623
42917,Trabajo Independientes Autónomos,97.37592545159598
42917,Trabajo Independientes Monotributo,117.95786298281523
42917,"Trabajo Independientes Monotributo
Social",238.42050047090518
42917,Total,111.32887524691716
42948,Empleo asalariado en el sector privado,101.73745195876876
42948,Empleo asalariado en el sector público,123.96040911783818
42948,Empleo en casas particulares,120.70890681081859
42948,Trabajo Independientes Autónomos,97.54082964372401
42948,Trabajo Independientes Monotributo,119.46131126916866
42948,"Trabajo Independientes Monotributo
Social",238.23273446906924
42948,Total,111.65330152497002
42979,Empleo asalariado en el sector privado,101.89210431197226
42979,Empleo asalariado en el sector público,124.45102973326041
42979,Empleo en casas particulares,121.18396070078799
42979,Trabajo Independientes Autónomos,97.91040042933636
42979,Trabajo Independientes Monotributo,120.3512406909199
42979,"Trabajo Independientes Monotributo
Social",244.29608612200616
42979,Total,112.08471419265256
43009,Empleo asalariado en el sector privado,102.44533490513274
43009,Empleo asalariado en el sector público,124.60057467084584
43009,Empleo en casas particulares,121.50640128051302
43009,Trabajo Independientes Autónomos,98.68418163855245
43009,Trabajo Independientes Monotributo,121.64909246214567
43009,"Trabajo Independientes Monotributo
Social",243.54144561938935
43009,Total,112.61354439459473
43040,Empleo asalariado en el sector privado,102.88621612383848
43040,Empleo asalariado en el sector público,124.9756163912888
43040,Empleo en casas particulares,121.54930771622145
43040,Trabajo Independientes Autónomos,98.68271799187677
43040,Trabajo Independientes Monotributo,121.60969216808866
43040,"Trabajo Independientes Monotributo
Social",245.8947795090664
43040,Total,112.97993275637835
43070,Empleo asalariado en el sector privado,103.12663723418767
43070,Empleo asalariado en el sector público,125.84635004601535
43070,Empleo en casas particulares,121.3807650705644
43070,Trabajo Independientes Autónomos,98.45999975605889
43070,Trabajo Independientes Monotributo,121.23554149923443
43070,"Trabajo Independientes Monotributo
Social",249.9177406087195
43070,Total,113.31923375606756
43101,Empleo asalariado en el sector privado,103.33086415830583
43101,Empleo asalariado en el sector público,124.55980755720861
43101,Empleo en casas particulares,122.59833153057791
43101,Trabajo Independientes Autónomos,98.86616170856355
43101,Trabajo Independientes Monotributo,121.37040003468442
43101,"Trabajo Independientes Monotributo
Social",249.72878244179256
43101,Total,113.20583458669178
43132,Empleo asalariado en el sector privado,103.31008116177769
43132,Empleo asalariado en el sector público,123.25864080005755
43132,Empleo en casas particulares,122.97601093471799
43132,Trabajo Independientes Autónomos,98.65637235171431
43132,Trabajo Independientes Monotributo,121.28939363860194
43132,"Trabajo Independientes Monotributo
Social",252.4111538965916
43132,Total,112.92844755750393
43160,Empleo asalariado en el sector privado,103.5479310109331
43160,Empleo asalariado en el sector público,122.976062195598
43160,Empleo en casas particulares,123.23473417279219
43160,Trabajo Independientes Autónomos,97.64401673436032
43160,Trabajo Independientes Monotributo,121.22839163892294
43160,"Trabajo Independientes Monotributo
Social",252.09642231256186
43160,Total,112.9546292631149
43191,Empleo asalariado en el sector privado,102.84555089107302
43191,Empleo asalariado en el sector público,123.58167201775984
43191,Empleo en casas particulares,123.62243364275638
43191,Trabajo Independientes Autónomos,97.62986814982862
43191,Trabajo Independientes Monotributo,121.39778247843063
43191,"Trabajo Independientes Monotributo
Social",248.6766967489658
43191,Total,112.68438685729609
43221,Empleo asalariado en el sector privado,102.37674610335192
43221,Empleo asalariado en el sector público,123.99645872555791
43221,Empleo en casas particulares,123.62937061140387
43221,Trabajo Independientes Autónomos,97.51887494358861
43221,Trabajo Independientes Monotributo,121.76090410744263
43221,"Trabajo Independientes Monotributo
Social",246.97666932916871
43221,Total,112.53271226644013
43252,Empleo asalariado en el sector privado,101.81382005397026
43252,Empleo asalariado en el sector público,124.69881673157823
43252,Empleo en casas particulares,124.00088382119063
43252,Trabajo Independientes Autónomos,97.99138887872468
43252,Trabajo Independientes Monotributo,122.22944814487747
43252,"Trabajo Independientes Monotributo
Social",241.39435629045911
43252,Total,112.38334298299645
43282,Empleo asalariado en el sector privado,101.78764887315705
43282,Empleo asalariado en el sector público,124.19078065681049
43282,Empleo en casas particulares,125.25904439403008
43282,Trabajo Independientes Autónomos,98.04529986461269
43282,Trabajo Independientes Monotributo,122.18297405285267
43282,"Trabajo Independientes Monotributo
Social",204.7686603640872
43282,Total,111.72964196288875
43313,Empleo asalariado en el sector privado,101.75191325580133
43313,Empleo asalariado en el sector público,124.63273233618362
43313,Empleo en casas particulares,126.09456372890327
43313,Trabajo Independientes Autónomos,98.040664983473
43313,Trabajo Independientes Monotributo,122.42523261766274
43313,"Trabajo Independientes Monotributo
Social",206.58373171516791
43313,Total,111.89909120573707
43344,Empleo asalariado en el sector privado,101.23305895083044
43344,Empleo asalariado en el sector público,124.42209569696627
43344,Empleo en casas particulares,126.62999493858213
43344,Trabajo Independientes Autónomos,98.36900972105335
43344,Trabajo Independientes Monotributo,122.89583033837854
43344,"Trabajo Independientes Monotributo
Social",206.1283246503976
43344,Total,111.64124440128195
43374,Empleo asalariado en el sector privado,101.45168166214182
43374,Empleo asalariado en el sector público,124.78235589886768
43374,Empleo en casas particulares,126.14671945614167
43374,Trabajo Independientes Autónomos,97.98748582092283
43374,Trabajo Independientes Monotributo,120.00142997206231
43374,"Trabajo Independientes Monotributo
Social",208.27958655714642
43374,Total,111.50058405695134
43405,Empleo asalariado en el sector privado,101.25801819961599
43405,Empleo asalariado en el sector público,124.87847508193717
43405,Empleo en casas particulares,125.98665532772037
43405,Trabajo Independientes Autónomos,97.95162647736836
43405,Trabajo Independientes Monotributo,119.65907336289116
43405,"Trabajo Independientes Monotributo
Social",210.77419201010957
43405,Total,111.4048406149792
43435,Empleo asalariado en el sector privado,101.00601822516484
43435,Empleo asalariado en el sector público,125.6184158851004
43435,Empleo en casas particulares,125.54500165716473
43435,Trabajo Independientes Autónomos,97.53912205593569
43435,Trabajo Independientes Monotributo,119.18231459233246
43435,"Trabajo Independientes Monotributo
Social",215.1881832596178
43435,Total,111.4154706436025
43466,Empleo asalariado en el sector privado,101.20010750164634
43466,Empleo asalariado en el sector público,124.06403699782642
43466,Empleo en casas particulares,126.54032819569446
43466,Trabajo Independientes Autónomos,98.44170417261273
43466,Trabajo Independientes Monotributo,120.35070825451373
43466,"Trabajo Independientes Monotributo
Social",209.89795066820855
43466,Total,111.29080108243332
43497,Empleo asalariado en el sector privado,101.33766178678414
43497,Empleo asalariado en el sector público,123.64472934685737
43497,Empleo en casas particulares,126.73661871594142
43497,Trabajo Independientes Autónomos,98.03310280898192
43497,Trabajo Independientes Monotributo,121.40523658811708
43497,"Trabajo Independientes Monotributo
Social",205.36772332232567
43497,Total,111.31903195018853
43525,Empleo asalariado en el sector privado,101.16866277876689
43525,Empleo asalariado en el sector público,123.292646155213
43525,Empleo en casas particulares,126.77335895729654
43525,Trabajo Independientes Autónomos,96.76973178674668
43525,Trabajo Independientes Monotributo,119.91920657847999
43525,"Trabajo Independientes Monotributo
Social",213.54537976418976
43525,Total,111.04341049374105
43556,Empleo asalariado en el sector privado,100.33575430403738
43556,Empleo asalariado en el sector público,124.3985867924773
43556,Empleo en casas particulares,127.3863814459212
43556,Trabajo Independientes Autónomos,96.41284593899033
43556,Trabajo Independientes Monotributo,120.05185930596154
43556,"Trabajo Independientes Monotributo
Social",213.68367091474826
43556,Total,110.86204134788397
43586,Empleo asalariado en el sector privado,99.85381479353018
43586,Empleo asalariado en el sector público,125.01917469592725
43586,Empleo en casas particulares,127.73656990023612
43586,Trabajo Independientes Autónomos,96.25696756802908
43586,Trabajo Independientes Monotributo,120.56368281698411
43586,"Trabajo Independientes Monotributo
Social",211.67606490146756
43586,Total,110.77462262712285
43617,Empleo asalariado en el sector privado,99.41548845855839
43617,Empleo asalariado en el sector público,125.80000055037569
43617,Empleo en casas particulares,127.61992605705272
43617,Trabajo Independientes Autónomos,96.33136960737679
43617,Trabajo Independientes Monotributo,120.36432341404308
43617,"Trabajo Independientes Monotributo
Social",212.57853387537105
43617,Total,110.69999287367274
43647,Empleo asalariado en el sector privado,99.56991152732422
43647,Empleo asalariado en el sector público,125.37058957423328
43647,Empleo en casas particulares,128.0520735113137
43647,Trabajo Independientes Autónomos,96.71411321307036
43647,Trabajo Independientes Monotributo,121.39413148593113
43647,"Trabajo Independientes Monotributo
Social",209.16298088959363
43647,Total,110.78750307488674
43678,Empleo asalariado en el sector privado,99.43008077526964
43678,Empleo asalariado en el sector público,125.4958786688928
43678,Empleo en casas particulares,128.40534506280528
43678,Trabajo Independientes Autónomos,98.26313927817824
43678,Trabajo Independientes Monotributo,122.1486699358262
43678,"Trabajo Independientes Monotributo
Social",217.8628056413252
43678,Total,111.03348486460484
43709,Empleo asalariado en el sector privado,98.9501556923219
43709,Empleo asalariado en el sector público,126.13722359837985
43709,Empleo en casas particulares,128.66535292470306
43709,Trabajo Independientes Autónomos,98.32875943747179
43709,Trabajo Independientes Monotributo,123.38034746799866
43709,"Trabajo Independientes Monotributo
Social",214.17603509734028
43709,Total,111.01792403957191
43739,Empleo asalariado en el sector privado,98.91066963666442
43739,Empleo asalariado en el sector público,126.54442298416058
43739,Empleo en casas particulares,128.80126612524055
43739,Trabajo Independientes Autónomos,97.74452047275788
43739,Trabajo Independientes Monotributo,123.9327882705781
43739,"Trabajo Independientes Monotributo
Social",211.89661544330662
43739,Total,111.1050134307027
43770,Empleo asalariado en el sector privado,98.80757352701536
43770,Empleo asalariado en el sector público,126.66876857763658
43770,Empleo en casas particulares,128.52275968028283
43770,Trabajo Independientes Autónomos,99.0598509519802
43770,Trabajo Independientes Monotributo,123.29295183504208
43770,"Trabajo Independientes Monotributo
Social",217.64523551221373
43770,Total,111.12704192375344
43800,Empleo asalariado en el sector privado,98.60382154923236
43800,Empleo asalariado en el sector público,127.72859559455709
43800,Empleo en casas particulares,127.98578692201563
43800,Trabajo Independientes Autónomos,98.8020051959457
43800,Trabajo Independientes Monotributo,123.62519215249588
43800,"Trabajo Independientes Monotributo
Social",217.93016296896792
43800,Total,111.27539577417028
43831,Empleo asalariado en el sector privado,98.62406408958601
43831,Empleo asalariado en el sector público,125.62332995376451
43831,Empleo en casas particulares,128.55975684640268
43831,Trabajo Independientes Autónomos,98.72662739214752
43831,Trabajo Independientes Monotributo,124.01014367416107
43831,"Trabajo Independientes Monotributo
Social",218.21509042572217
43831,Total,110.86508764696453
43862,Empleo asalariado en el sector privado,98.72974783788868
43862,Empleo asalariado en el sector público,125.25068629882963
43862,Empleo en casas particulares,128.4947548809282
43862,Trabajo Independientes Autónomos,97.34201763694243
43862,Trabajo Independientes Monotributo,123.82348668262455
43862,"Trabajo Independientes Monotributo
Social",217.79723656131898
43862,Total,110.75430481854079
43891,Empleo asalariado en el sector privado,98.17337277244027
43891,Empleo asalariado en el sector público,125.26444569108905
43891,Empleo en casas particulares,127.95726827313159
43891,Trabajo Independientes Autónomos,94.88406698622953
43891,Trabajo Independientes Monotributo,122.1832022398839
43891,"Trabajo Independientes Monotributo
Social",216.04833037279002
43891,Total,110.1112978633734
43922,Empleo asalariado en el sector privado,95.59302208844385
43922,Empleo asalariado en el sector público,125.42908664761056
43922,Empleo en casas particulares,126.03341563489963
43922,Trabajo Independientes Autónomos,92.74982619195727
43922,Trabajo Independientes Monotributo,120.6402775971297
43922,"Trabajo Independientes Monotributo
Social",211.90257626876172
43922,Total,108.31056003692885
43952,Empleo asalariado en el sector privado,94.78354975873545
43952,Empleo asalariado en el sector público,125.60960987405436
43952,Empleo en casas particulares,123.97853136665991
43952,Trabajo Independientes Autónomos,92.07069413443595
43952,Trabajo Independientes Monotributo,118.01894104483799
43952,"Trabajo Independientes Monotributo
Social",210.32593793588538
43952,Total,107.46231668575103
43983,Empleo asalariado en el sector privado,94.60531386337234
43983,Empleo asalariado en el sector público,126.20562743418391
43983,Empleo en casas particulares,123.75603452041139
43983,Trabajo Independientes Autónomos,92.58492199982923
43983,Trabajo Independientes Monotributo,119.39460459370919
43983,"Trabajo Independientes Monotributo
Social",208.76122125391925
43983,Total,107.65425182391442
44013,Empleo asalariado en el sector privado,94.47414678756942
44013,Empleo asalariado en el sector público,125.77031957564462
44013,Empleo en casas particulares,123.87421991218312
44013,Trabajo Independientes Autónomos,95.56051569151207
44013,Trabajo Independientes Monotributo,121.23189050673493
44013,"Trabajo Independientes Monotributo
Social",211.88946245276048
44013,Total,107.86446475656093
44044,Empleo asalariado en el sector privado,94.49828716336334
44044,Empleo asalariado en el sector público,126.09472673257285
44044,Empleo en casas particulares,123.59288729481347
44044,Trabajo Independientes Autónomos,96.30209667386293
44044,Trabajo Independientes Monotributo,123.6191071649967
44044,"Trabajo Independientes Monotributo
Social",209.85920530275033
44044,Total,108.22718475218448
44075,Empleo asalariado en el sector privado,94.6762937742888
44075,Empleo asalariado en el sector público,126.25331355650017
44075,Empleo en casas particulares,123.26582206932343
44075,Trabajo Independientes Autónomos,96.21037481551953
44075,Trabajo Independientes Monotributo,125.19587955071493
44075,"Trabajo Independientes Monotributo
Social",210.02253192022033
44075,Total,108.54057848762137
44105,Empleo asalariado en el sector privado,94.90828049282398
44105,Empleo asalariado en el sector público,126.39098610419319
44105,Empleo en casas particulares,122.85448552100489
44105,Trabajo Independientes Autónomos,94.36520423969654
44105,Trabajo Independientes Monotributo,126.65361436848097
44105,"Trabajo Independientes Monotributo
Social",210.4886684708098
44105,Total,108.80083122798698
44136,Empleo asalariado en el sector privado,95.26470315117066
44136,Empleo asalariado en el sector público,127.28621147714152
44136,Empleo en casas particulares,122.44212127362744
44136,Trabajo Independientes Autónomos,93.08963616183054
44136,Trabajo Independientes Monotributo,125.68047274267882
44136,"Trabajo Independientes Monotributo
Social",211.19562236978578
44136,Total,109.03953117365673
44166,Empleo asalariado en el sector privado,95.4153102717954
44166,Empleo asalariado en el sector público,128.0637350774477
44166,Empleo en casas particulares,121.5462246190448
44166,Trabajo Independientes Autónomos,92.01922255967409
44166,Trabajo Independientes Monotributo,125.17716821415506
44166,"Trabajo Independientes Monotributo
Social",210.53695115699625
44166,Total,109.16190457545892
44197,Empleo asalariado en el sector privado,95.81785185703198
44197,Empleo asalariado en el sector público,126.24214879249539
44197,Empleo en casas particulares,121.96090118930474
44197,Trabajo Independientes Autónomos,92.2695061412175
44197,Trabajo Independientes Monotributo,125.42003527771503
44197,"Trabajo Independientes Monotributo
Social",213.7987148460319
44197,Total,109.06628920612076
44228,Empleo asalariado en el sector privado,96.16862429173628
44228,Empleo asalariado en el sector público,126.42385139541858
44228,Empleo en casas particulares,121.60428961587179
44228,Trabajo Independientes Autónomos,92.50246990376523
44228,Trabajo Independientes Monotributo,125.92265524514512
44228,"Trabajo Independientes Monotributo
Social",216.38273268082165
44228,Total,109.40065026135511
44256,Empleo asalariado en el sector privado,96.74791142349113
44256,Empleo asalariado en el sector público,126.9537845601535
44256,Empleo en casas particulares,121.56009855633975
44256,Trabajo Independientes Autónomos,92.06727895885933
44256,Trabajo Independientes Monotributo,126.55275570068252
44256,"Trabajo Independientes Monotributo
Social",216.4787019706489
44256,Total,109.90690308752933
44287,Empleo asalariado en el sector privado,96.5469599913396
44287,Empleo asalariado en el sector público,127.63884504447624
44287,Empleo en casas particulares,122.0806281296648
44287,Trabajo Independientes Autónomos,92.08679424786857
44287,Trabajo Independientes Monotributo,128.3135228959064
44287,"Trabajo Independientes Monotributo
Social",215.2978624479918
44287,Total,110.16698201503445
44317,Empleo asalariado en el sector privado,96.13518151875718
44317,Empleo asalariado en el sector público,128.57947641188073
44317,Empleo en casas particulares,122.26098931449904
44317,Trabajo Independientes Autónomos,92.13387488260334
44317,Trabajo Independientes Monotributo,128.78974923005893
44317,"Trabajo Independientes Monotributo
Social",218.60135191521323
44317,Total,110.27201987101805
44348,Empleo asalariado en el sector privado,96.12229245786857
44348,Empleo asalariado en el sector público,129.4782399142672
44348,Empleo en casas particulares,121.81008635241342
44348,Trabajo Independientes Autónomos,92.09313671679656
44348,Trabajo Independientes Monotributo,129.97974459786218
44348,"Trabajo Independientes Monotributo
Social",219.4662676887495
44348,Total,110.61277540990793
44378,Empleo asalariado en el sector privado,96.23451081264463
44378,Empleo asalariado en el sector público,129.23862992620641
44378,Empleo en casas particulares,121.83706345270915
44378,Trabajo Independientes Autónomos,92.18656616292826
44378,Trabajo Independientes Monotributo,131.7756525958937
44378,"Trabajo Independientes Monotributo
Social",218.7855414217761
44378,Total,110.82971215584026
44409,Empleo asalariado en el sector privado,96.54966227221205
44409,Empleo asalariado en el sector público,129.85740945238797
44409,Empleo en casas particulares,121.7974970389421
44409,Trabajo Independientes Autónomos,94.47448985814823
44409,Trabajo Independientes Monotributo,132.09648356178658
44409,"Trabajo Independientes Monotributo
Social",235.1462190484138
44409,Total,111.52380179588937
44440,Empleo asalariado en el sector privado,96.89047721133785
44440,Empleo asalariado en el sector público,130.28489411361406
44440,Empleo en casas particulares,121.62150357510811
44440,Trabajo Independientes Autónomos,94.82576506031444
44440,Trabajo Independientes Monotributo,134.4527428461464
44440,"Trabajo Independientes Monotributo
Social",239.24965129171088
44440,Total,112.16691852760017
44470,Empleo asalariado en el sector privado,97.28751597007052
44470,Empleo asalariado en el sector público,130.8732850391769
44470,Empleo en casas particulares,121.81008635241342
44470,Trabajo Independientes Autónomos,94.5576737775501
44470,Trabajo Independientes Monotributo,135.77767281174343
44470,"Trabajo Independientes Monotributo
Social",237.2503904340673
44470,Total,112.65094160372738
44501,Empleo asalariado en el sector privado,98.07708968608176
44501,Empleo asalariado en el sector público,131.5042514556454
44501,Empleo en casas particulares,121.5970957224596
44501,Trabajo Independientes Autónomos,94.1539512361716
44501,Trabajo Independientes Monotributo,136.9302455064269
44501,"Trabajo Independientes Monotributo
Social",234.97991201821628
44501,Total,113.31985582314708
44531,Empleo asalariado en el sector privado,98.71820172870639
44531,Empleo asalariado en el sector público,132.59753345203103
44531,Empleo en casas particulares,121.49355504227697
44531,Trabajo Independientes Autónomos,94.01831997755743
44531,Trabajo Independientes Monotributo,134.62479586768498
44531,"Trabajo Independientes Monotributo
Social",262.30373982189053
44531,Total,114.06565936320277
44562,Empleo asalariado en el sector privado,99.39999538155632
44562,Empleo asalariado en el sector público,130.53051892171968
44562,Empleo en casas particulares,121.62792669422613
44562,Trabajo Independientes Autónomos,94.43058045787747
44562,Trabajo Independientes Monotributo,135.1683373760469
44562,"Trabajo Independientes Monotributo
Social",262.01523586986326
44562,Total,114.04668631727782
44593,Empleo asalariado en el sector privado,99.82282863952605
44593,Empleo asalariado en el sector público,130.19313862351825
44593,Empleo en casas particulares,121.39720825550653
44593,Trabajo Independientes Autónomos,94.56645565760425
44593,Trabajo Independientes Monotributo,136.88825909268272
44593,"Trabajo Independientes Monotributo
Social",263.3075428285309
44593,Total,114.42793110460727
44621,Empleo asalariado en el sector privado,100.38916120055296
44621,Empleo asalariado en el sector público,130.41458621379658
44621,Empleo en casas particulares,121.3833343182116
44621,Trabajo Independientes Autónomos,94.03295644431434
44621,Trabajo Independientes Monotributo,138.34424447654274
44621,"Trabajo Independientes Monotributo
Social",261.27370918324766
44621,Total,114.91919943260164
44652,Empleo asalariado en el sector privado,100.06908012557581
44652,Empleo asalariado en el sector público,131.06395090334343
44652,Empleo en casas particulares,121.56215395445751
44652,Trabajo Independientes Autónomos,94.4627806847427
44652,Trabajo Independientes Monotributo,140.29052772814708
44652,"Trabajo Independientes Monotributo
Social",259.78886756238
44652,Total,115.12529574486908
may_22,Empleo asalariado en el sector privado,100.19667691513511
may_22,Empleo asalariado en el sector público,131.83640318478825
may_22,Empleo en casas particulares,121.61276813310758
may_22,Trabajo Independientes Autónomos,95.10507763425909
may_22,Trabajo Independientes Monotributo,142.50926629502604
may_22,"Trabajo Independientes Monotributo
Social",257.76278299018844
may_22,Total,115.63796135078942
44713,Empleo asalariado en el sector privado,100.45986269465226
44713,Empleo asalariado en el sector público,132.9276016160603
44713,Empleo en casas particulares,121.10302939990083
44713,Trabajo Independientes Autónomos,95.74957005378903
44713,Trabajo Independientes Monotributo,138.7836566363254
44713,"Trabajo Independientes Monotributo
Social",305.6085406707121
44713,Total,116.33111789021926
44743,Empleo asalariado en el sector privado,101.0382490661163
44743,Empleo asalariado en el sector público,132.7112646571926
44743,Empleo en casas particulares,121.45630095139242
44743,Trabajo Independientes Autónomos,96.35747130642662
44743,Trabajo Independientes Monotributo,141.62960528967963
44743,"Trabajo Independientes Monotributo
Social",303.4560865988722
44743,Total,116.94847372640231
44774,Empleo asalariado en el sector privado,101.32333150943023
44774,Empleo asalariado en el sector público,132.58279124603877
44774,Empleo en casas particulares,121.67777009858203
44774,Trabajo Independientes Autónomos,96.38454876992694
44774,Trabajo Independientes Monotributo,144.4904621624068
44774,"Trabajo Independientes Monotributo
Social",299.9642350472693
44774,Total,117.37720601681578
44805,Empleo asalariado en el sector privado,101.71776625204943
44805,Empleo asalariado en el sector público,132.9542948370436
44805,Empleo en casas particulares,121.7332658477618
44805,Trabajo Independientes Autónomos,96.30673155500263
44805,Trabajo Independientes Monotributo,142.9633584871504
44805,"Trabajo Independientes Monotributo
Social",333.2298136645963
44805,Total,118.00989397689953
44835,Empleo asalariado en el sector privado,102.14004267638481
44835,Empleo asalariado en el sector público,133.16729022921967
44835,Empleo en casas particulares,121.2338041051439
44835,Trabajo Independientes Autónomos,96.18671252759584
44835,Trabajo Independientes Monotributo,145.1599629120012
44835,"Trabajo Independientes Monotributo
Social",331.1316031043979
44835,Total,118.50503192805026
44866,Empleo asalariado en el sector privado,102.8202149607113
44866,Empleo asalariado en el sector público,133.86780054542228
44866,Empleo en casas particulares,120.69734519640613
44866,Trabajo Independientes Autónomos,96.30673155500263
44866,Trabajo Independientes Monotributo,147.80647610007068
44866,"Trabajo Independientes Monotributo
Social",328.3437250390434
44866,Total,119.308879815451
44896,Empleo asalariado en el sector privado,103.11582811069786
44896,Empleo asalariado en el sector público,134.56618798396204
44896,Empleo en casas particulares,120.16987865443363
44896,Trabajo Independientes Autónomos,96.71264956639467
44896,Trabajo Independientes Monotributo,144.20226194197815
44896,"Trabajo Independientes Monotributo
Social",364.5748143202871
44896,Total,119.75551483049087
44927,Empleo asalariado en el sector privado,103.72506961648737
44927,Empleo asalariado en el sector público,132.98798569180454
44927,Empleo en casas particulares,120.29936873585308
44927,Trabajo Independientes Autónomos,97.6515789088514
44927,Trabajo Independientes Monotributo,145.3187810857291
44927,"Trabajo Independientes Monotributo
Social",362.77464503284415
44927,Total,119.87505233825411
44958,Empleo asalariado en el sector privado,103.96727586995837
44958,Empleo asalariado en el sector público,133.20605240284198
44958,Empleo en casas particulares,119.9764143065986
44958,Trabajo Independientes Autónomos,97.6293802676034
44958,Trabajo Independientes Monotributo,146.11066614640023
44958,"Trabajo Independientes Monotributo
Social",359.9980925358544
44958,Total,120.10138412669606
44986,Empleo asalariado en el sector privado,104.44765952178143
44986,Empleo asalariado en el sector público,133.36546479030488
44986,Empleo en casas particulares,119.85565966717967
44986,Trabajo Independientes Autónomos,96.75168014441314
44986,Trabajo Independientes Monotributo,146.07058129124954
44986,"Trabajo Independientes Monotributo
Social",358.911434055388
44986,Total,120.34809776003709
45017,Empleo asalariado en el sector privado,103.82880444706993
45017,Empleo asalariado en el sector público,134.1409441380468
45017,Empleo en casas particulares,120.35229523738565
45017,Trabajo Independientes Autónomos,97.72646883042434
45017,Trabajo Independientes Monotributo,146.52505379509262
45017,"Trabajo Independientes Monotributo
Social",359.26848750014904
45017,Total,120.29725292433278
45047,Empleo asalariado en el sector privado,103.96064299872599
45047,Empleo asalariado en el sector público,135.15076559224158
45047,Empleo en casas particulares,120.05117941313246
45047,Trabajo Independientes Autónomos,98.18654176881701
45047,Trabajo Independientes Monotributo,149.65342193075134
45047,"Trabajo Independientes Monotributo
Social",356.4108677769698
45047,Total,120.94480645800772
45078,Empleo asalariado en el sector privado,104.04791848217631
45078,Empleo asalariado en el sector público,136.31709030525013
45078,Empleo en casas particulares,119.82765486782505
45078,Trabajo Independientes Autónomos,98.84908583068047
45078,Trabajo Independientes Monotributo,151.18159047882008
45078,"Trabajo Independientes Monotributo
Social",353.1908298661198
45078,Total,121.41622352772963
45108,Empleo asalariado en el sector privado,104.39795393118814
45108,Empleo asalariado en el sector público,135.95309541116404
45108,Empleo en casas particulares,120.24207451332028
45108,Trabajo Independientes Autónomos,99.55505141058948
45108,Trabajo Independientes Monotributo,150.93628942026044
45108,"Trabajo Independientes Monotributo
Social",364.8192081639466
45108,Total,121.7172308098481
45139,Empleo asalariado en el sector privado,104.61441481780159
45139,Empleo asalariado en el sector público,136.43003525942547
45139,Empleo en casas particulares,120.600741484871
45139,Trabajo Independientes Autónomos,100.31248856526034
45139,Trabajo Independientes Monotributo,153.42056162913372
45139,"Trabajo Independientes Monotributo
Social",354.66017334080425
45139,Total,122.1331741329506
45170,Empleo asalariado en el sector privado,104.35144194526227
45170,Empleo asalariado en el sector público,136.56601736749803
45170,Empleo en casas particulares,120.94681914295037
45170,Trabajo Independientes Autónomos,100.74572798126533
45170,Trabajo Independientes Monotributo,152.88964646983254
45170,"Trabajo Independientes Monotributo
Social",371.5209642231256
45170,Total,122.24140465673929
45200,Empleo asalariado en el sector privado,104.39646358234333
45200,Empleo asalariado en el sector público,136.71583749292867
45200,Empleo en casas particulares,120.29577178914698
45200,Trabajo Independientes Autónomos,100.01097735006769
45200,Trabajo Independientes Monotributo,155.35330578355243
45200,"Trabajo Independientes Monotributo
Social",361.1753555632384
45200,Total,122.38821248750263
45231,Empleo asalariado en el sector privado,104.58259341334595
45231,Empleo asalariado en el sector público,136.97691213291415
45231,Empleo en casas particulares,119.34258091203154
45231,Trabajo Independientes Autónomos,94.10589483698637
45231,Trabajo Independientes Monotributo,154.99695370313322
45231,"Trabajo Independientes Monotributo
Social",378.34551328667993
45231,Total,122.51819706298348
45261,Empleo asalariado en el sector privado,104.47378157021517
45261,Empleo asalariado en el sector público,137.92587776077292
45261,Empleo en casas particulares,118.36626680609118
45261,Trabajo Independientes Autónomos,93.39773378706381
45261,Trabajo Independientes Monotributo,155.520110503373
45261,"Trabajo Independientes Monotributo
Social",379.9465910039222
45261,Total,122.70441467284259
45292,Empleo asalariado en el sector privado,104.22425459219879
45292,Empleo asalariado en el sector público,134.679211563236
45292,Empleo en casas particulares,117.97753963706808
45292,Trabajo Independientes Autónomos,94.24542915340237
45292,Trabajo Independientes Monotributo,156.9671965930155
45292,"Trabajo Independientes Monotributo
Social",386.441506419809
45292,Total,122.10120171467302
45323,Empleo asalariado en el sector privado,103.79924313207127
45323,Empleo asalariado en el sector público,134.46857492401867
45323,Empleo en casas particulares,117.27536425508521
45323,Trabajo Independientes Autónomos,100.55569785453793
45323,Trabajo Independientes Monotributo,158.14988997581978
45323,"Trabajo Independientes Monotributo
Social",383.7460211490087
45323,Total,122.12730108787643
45352,Empleo asalariado en el sector privado,103.28019229758236
45352,Empleo asalariado en el sector público,134.27472474335784
45352,Empleo en casas particulares,116.77204864099646
45352,Trabajo Independientes Autónomos,100.85013477746472
45352,Trabajo Independientes Monotributo,157.92428906428867
45352,"Trabajo Independientes Monotributo
Social",376.4314922330444
45352,Total,121.6459949811994
45383,Empleo asalariado en el sector privado,102.47828635431684
45383,Empleo asalariado en el sector público,134.46200972828345
45383,Empleo en casas particulares,116.37150293279619
45383,Trabajo Independientes Autónomos,101.47120885018357
45383,Trabajo Independientes Monotributo,157.1276881383057
45383,"Trabajo Independientes Monotributo
Social",385.348291031342
45383,Total,121.2917186313756
45413,Empleo asalariado en el sector privado,101.99683816760464
45413,Empleo asalariado en el sector público,134.64217914178346
45413,Empleo en casas particulares,115.6973323501679
45413,Trabajo Independientes Autónomos,100.71913839999023
45413,Trabajo Independientes Monotributo,156.84952814725062
45413,"Trabajo Independientes Monotributo
Social",397.41180958739164
45413,Total,121.16419488007692
45444,Empleo asalariado en el sector privado,101.50734864811439
45444,Empleo asalariado en el sector público,135.36706323855995
45444,Empleo en casas particulares,115.51208959480397
45444,Trabajo Independientes Autónomos,100.53545074219083
45444,Trabajo Independientes Monotributo,156.70219538742737
45444,"Trabajo Independientes Monotributo
Social",401.45861398886524
45444,Total,121.09036100656677
45474,Empleo asalariado en el sector privado,101.67536500854166
45474,Empleo asalariado en el sector público,134.58486144488558
45474,Empleo en casas particulares,115.60895023110382
45474,Trabajo Independientes Autónomos,100.28223986729603
45474,Trabajo Independientes Monotributo,157.82221339899033
45474,"Trabajo Independientes Monotributo
Social",402.927361381004
45474,Total,121.15339103859316
45505,Empleo asalariado en el sector privado,101.72664283527895
45505,Empleo asalariado en el sector público,134.5251456824796
45505,Empleo en casas particulares,116.0798933248377
45505,Trabajo Independientes Autónomos,100.03854269579324
45505,Trabajo Independientes Monotributo,159.60404986343005
45505,"Trabajo Independientes Monotributo
Social",403.6414682705261
45505,Total,121.40102862450817
45536,Empleo asalariado en el sector privado,101.849850465603
45536,Empleo asalariado en el sector público,134.7529225931973
45536,Empleo en casas particulares,116.26744840308415
45536,Trabajo Independientes Autónomos,99.62579433324795
45536,Trabajo Independientes Monotributo,159.38232813142963
45536,"Trabajo Independientes Monotributo
Social",404.3734576364135
45536,Total,121.49861997162827
45566,Empleo asalariado en el sector privado,102.28776736407895
45566,Empleo asalariado en el sector público,134.82667293570785
45566,Empleo en casas particulares,115.80395612752719
45566,Trabajo Independientes Autónomos,98.40364935904473
45566,Trabajo Independientes Monotributo,157.5775208391806
45566,"Trabajo Independientes Monotributo
Social",403.7064412679868
45566,Total,121.47075502568453
45597,Empleo asalariado en el sector privado,102.62332513859833
45597,Empleo asalariado en el sector público,134.9589203515957
45597,Empleo en casas particulares,115.35485163879461
45597,Trabajo Independientes Autónomos,97.27615353653628
45597,Trabajo Independientes Monotributo,156.85485251131237
45597,"Trabajo Independientes Monotributo
Social",400.63065533315057
45597,Total,121.49657080948401
